year,month,value
1850,1,-0.387828431373
1850,2,0.0331715686275
1850,3,-0.417828431373
1850,4,-0.254828431373
1850,5,-0.0118284313725
1850,6,0.102171568627
1850,7,0.186171568627
1850,8,0.0821715686275
1850,9,-0.120828431373
1850,10,-0.137828431373
1850,11,0.125171568627
1850,12,0.0471715686275
1851,1,0.0151715686275
1851,2,-0.0438284313725
1851,3,-0.167828431373
1851,4,-0.129828431373
1851,5,0.0141715686275
1851,6,0.126171568627
1851,7,0.101171568627
1851,8,0.162171568627
1851,9,0.209171568627
1851,10,0.254171568627
1851,11,0.287171568627
1851,12,0.250171568627
1852,1,0.00717156862745
1852,2,-0.161828431373
1852,3,-0.190828431373
1852,4,-0.243828431373
1852,5,0.107171568627
1852,6,0.277171568627
1852,7,0.299171568627
1852,8,0.120171568627
1852,9,0.190171568627
1852,10,0.0981715686275
1852,11,0.128171568627
1852,12,0.399171568627
1853,1,0.140171568627
1853,2,-0.0118284313725
1853,3,0.00117156862745
1853,4,-0.0378284313725
1853,5,0.0471715686275
1853,6,0.138171568627
1853,7,0.257171568627
1853,8,0.168171568627
1853,9,-0.0908284313725
1853,10,-0.0458284313725
1853,11,0.0571715686275
1853,12,-0.129828431373
1854,1,-0.0588284313725
1854,2,0.0261715686275
1854,3,0.0231715686275
1854,4,-0.0338284313725
1854,5,0.0811715686275
1854,6,0.0981715686275
1854,7,0.0831715686275
1854,8,0.145171568627
1854,9,0.193171568627
1854,10,0.123171568627
1854,11,-0.0578284313725
1854,12,0.0791715686275
1855,1,0.138171568627
1855,2,-0.0858284313725
1855,3,0.0111715686275
1855,4,0.0931715686275
1855,5,-0.0228284313725
1855,6,0.151171568627
1855,7,0.0451715686275
1855,8,0.152171568627
1855,9,-0.0288284313725
1855,10,0.103171568627
1855,11,0.0971715686275
1855,12,-0.198828431373
1856,1,0.207171568627
1856,2,-0.0548284313725
1856,3,-0.193828431373
1856,4,-0.0638284313725
1856,5,0.195171568627
1856,6,0.0251715686275
1856,7,0.0161715686275
1856,8,0.00917156862745
1856,9,-0.142828431373
1856,10,-0.0778284313725
1856,11,-0.293828431373
1856,12,-0.130828431373
1857,1,-0.191828431373
1857,2,-0.0458284313725
1857,3,-0.115828431373
1857,4,-0.321828431373
1857,5,-0.250828431373
1857,6,0.00317156862745
1857,7,-0.223828431373
1857,8,-0.0118284313725
1857,9,-0.0798284313725
1857,10,-0.149828431373
1857,11,-0.351828431373
1857,12,-0.0528284313725
1858,1,-0.216828431373
1858,2,-0.394828431373
1858,3,-0.238828431373
1858,4,-0.201828431373
1858,5,-0.340828431373
1858,6,-0.264828431373
1858,7,-0.00882843137255
1858,8,0.0331715686275
1858,9,-0.0248284313725
1858,10,0.110171568627
1858,11,-0.330828431373
1858,12,0.0101715686275
1859,1,0.00317156862745
1859,2,0.119171568627
1859,3,-0.0218284313725
1859,4,0.114171568627
1859,5,0.00217156862745
1859,6,0.0651715686275
1859,7,0.0311715686275
1859,8,0.215171568627
1859,9,-0.259828431373
1859,10,0.0581715686275
1859,11,-0.00982843137255
1859,12,-0.0438284313725
1860,1,0.119171568627
1860,2,-0.116828431373
1860,3,-0.334828431373
1860,4,-0.0308284313725
1860,5,0.0141715686275
1860,6,0.00617156862745
1860,7,0.199171568627
1860,8,0.121171568627
1860,9,0.0901715686275
1860,10,0.117171568627
1860,11,-0.193828431373
1860,12,-0.438828431373
1861,1,-0.585828431373
1861,2,-0.211828431373
1861,3,-0.153828431373
1861,4,-0.0858284313725
1861,5,-0.453828431373
1861,6,0.127171568627
1861,7,0.102171568627
1861,8,0.215171568627
1861,9,-0.0208284313725
1861,10,-0.0428284313725
1861,11,-0.111828431373
1861,12,0.0461715686275
1862,1,-0.438828431373
1862,2,-0.470828431373
1862,3,-0.0898284313725
1862,4,0.0671715686275
1862,5,0.0811715686275
1862,6,-0.0268284313725
1862,7,-0.0258284313725
1862,8,-0.384828431373
1862,9,-0.103828431373
1862,10,-0.111828431373
1862,11,-0.450828431373
1862,12,-0.579828431373
1863,1,0.442171568627
1863,2,0.285171568627
1863,3,-0.0528284313725
1863,4,0.0731715686275
1863,5,-0.00782843137255
1863,6,-0.0888284313725
1863,7,-0.107828431373
1863,8,-0.00182843137255
1863,9,-0.00982843137255
1863,10,-0.0708284313725
1863,11,-0.0188284313725
1863,12,-0.0338284313725
1864,1,-0.623828431373
1864,2,-0.321828431373
1864,3,-0.187828431373
1864,4,-0.236828431373
1864,5,-0.139828431373
1864,6,0.149171568627
1864,7,0.164171568627
1864,8,0.00517156862745
1864,9,-0.133828431373
1864,10,-0.390828431373
1864,11,-0.157828431373
1864,12,-0.300828431373
1865,1,0.215171568627
1865,2,-0.296828431373
1865,3,-0.328828431373
1865,4,0.0851715686275
1865,5,0.0501715686275
1865,6,0.0351715686275
1865,7,0.184171568627
1865,8,0.106171568627
1865,9,0.235171568627
1865,10,0.0491715686275
1865,11,0.120171568627
1865,12,-0.0278284313725
1866,1,0.351171568627
1866,2,0.0991715686275
1866,3,-0.278828431373
1866,4,0.0501715686275
1866,5,-0.217828431373
1866,6,0.417171568627
1866,7,0.342171568627
1866,8,0.0451715686275
1866,9,0.0791715686275
1866,10,-0.110828431373
1866,11,0.00217156862745
1866,12,-0.0258284313725
1867,1,-0.00582843137255
1867,2,0.323171568627
1867,3,-0.402828431373
1867,4,0.0561715686275
1867,5,-0.231828431373
1867,6,0.0201715686275
1867,7,0.0751715686275
1867,8,0.0821715686275
1867,9,0.213171568627
1867,10,0.129171568627
1867,11,0.00117156862745
1867,12,-0.322828431373
1868,1,-0.388828431373
1868,2,-0.151828431373
1868,3,0.238171568627
1868,4,-0.0638284313725
1868,5,0.241171568627
1868,6,0.134171568627
1868,7,0.461171568627
1868,8,0.280171568627
1868,9,0.115171568627
1868,10,0.0781715686275
1868,11,-0.189828431373
1868,12,0.190171568627
1869,1,0.0481715686275
1869,2,0.582171568627
1869,3,-0.274828431373
1869,4,0.0841715686275
1869,5,0.0351715686275
1869,6,-0.0608284313725
1869,7,0.0201715686275
1869,8,0.236171568627
1869,9,0.121171568627
1869,10,-0.113828431373
1869,11,-0.0668284313725
1869,12,-0.0448284313725
1870,1,0.231171568627
1870,2,-0.138828431373
1870,3,-0.0908284313725
1870,4,0.102171568627
1870,5,0.147171568627
1870,6,0.0991715686275
1870,7,0.329171568627
1870,8,0.0531715686275
1870,9,0.0491715686275
1870,10,-0.0868284313725
1870,11,0.145171568627
1870,12,-0.410828431373
1871,1,-0.217828431373
1871,2,-0.232828431373
1871,3,0.328171568627
1871,4,0.169171568627
1871,5,0.000171568627451
1871,6,0.0921715686275
1871,7,0.302171568627
1871,8,0.0931715686275
1871,9,-0.141828431373
1871,10,-0.167828431373
1871,11,-0.223828431373
1871,12,-0.248828431373
1872,1,0.00617156862745
1872,2,-0.0888284313725
1872,3,-0.160828431373
1872,4,0.160171568627
1872,5,0.269171568627
1872,6,0.103171568627
1872,7,0.197171568627
1872,8,0.287171568627
1872,9,0.183171568627
1872,10,0.0861715686275
1872,11,0.0651715686275
1872,12,-0.115828431373
1873,1,0.297171568627
1873,2,-0.0298284313725
1873,3,0.0381715686275
1873,4,-0.208828431373
1873,5,-0.0988284313725
1873,6,0.0551715686275
1873,7,0.162171568627
1873,8,0.151171568627
1873,9,-0.0448284313725
1873,10,-0.0908284313725
1873,11,-0.152828431373
1873,12,0.0381715686275
1874,1,0.370171568627
1874,2,-0.125828431373
1874,3,-0.249828431373
1874,4,-0.198828431373
1874,5,-0.156828431373
1874,6,-0.147828431373
1874,7,0.137171568627
1874,8,-0.0568284313725
1874,9,0.100171568627
1874,10,-0.120828431373
1874,11,-0.191828431373
1874,12,-0.0938284313725
1875,1,-0.263828431373
1875,2,-0.299828431373
1875,3,-0.284828431373
1875,4,-0.152828431373
1875,5,0.138171568627
1875,6,0.0781715686275
1875,7,0.00917156862745
1875,8,0.134171568627
1875,9,0.0421715686275
1875,10,-0.0548284313725
1875,11,-0.184828431373
1875,12,-0.182828431373
1876,1,0.00217156862745
1876,2,0.0451715686275
1876,3,-0.0708284313725
1876,4,0.0151715686275
1876,5,-0.217828431373
1876,6,0.0301715686275
1876,7,0.179171568627
1876,8,0.0701715686275
1876,9,-0.121828431373
1876,10,-0.0728284313725
1876,11,-0.266828431373
1876,12,-0.398828431373
1877,1,-0.0128284313725
1877,2,0.372171568627
1877,3,0.0231715686275
1877,4,-0.0108284313725
1877,5,-0.137828431373
1877,6,0.222171568627
1877,7,0.326171568627
1877,8,0.462171568627
1877,9,0.343171568627
1877,10,0.372171568627
1877,11,0.415171568627
1877,12,0.488171568627
1878,1,0.491171568627
1878,2,0.725171568627
1878,3,0.659171568627
1878,4,0.634171568627
1878,5,0.232171568627
1878,6,0.331171568627
1878,7,0.265171568627
1878,8,0.289171568627
1878,9,0.326171568627
1878,10,0.191171568627
1878,11,0.110171568627
1878,12,-0.0478284313725
1879,1,0.117171568627
1879,2,0.164171568627
1879,3,0.217171568627
1879,4,0.0981715686275
1879,5,0.101171568627
1879,6,0.0441715686275
1879,7,0.0821715686275
1879,8,0.147171568627
1879,9,0.0981715686275
1879,10,0.191171568627
1879,11,-0.0738284313725
1879,12,-0.199828431373
1880,1,0.247171568627
1880,2,0.140171568627
1880,3,0.207171568627
1880,4,0.163171568627
1880,5,0.0691715686275
1880,6,0.00217156862745
1880,7,0.0641715686275
1880,8,0.199171568627
1880,9,0.0801715686275
1880,10,-0.0718284313725
1880,11,-0.0858284313725
1880,12,0.0201715686275
1881,1,-0.0458284313725
1881,2,0.0751715686275
1881,3,0.124171568627
1881,4,0.179171568627
1881,5,0.280171568627
1881,6,0.0821715686275
1881,7,0.162171568627
1881,8,0.186171568627
1881,9,0.0671715686275
1881,10,0.0291715686275
1881,11,-0.0258284313725
1881,12,0.176171568627
1882,1,0.431171568627
1882,2,0.308171568627
1882,3,0.260171568627
1882,4,0.0301715686275
1882,5,-0.0598284313725
1882,6,-0.00582843137255
1882,7,0.129171568627
1882,8,0.0941715686275
1882,9,0.155171568627
1882,10,-0.0218284313725
1882,11,0.00217156862745
1882,12,-0.149828431373
1883,1,-0.0968284313725
1883,2,-0.0108284313725
1883,3,-0.0348284313725
1883,4,-0.0788284313725
1883,5,0.0581715686275
1883,6,0.189171568627
1883,7,0.118171568627
1883,8,0.103171568627
1883,9,0.0341715686275
1883,10,-0.0678284313725
1883,11,0.00917156862745
1883,12,-0.0138284313725
1884,1,-0.101828431373
1884,2,0.0931715686275
1884,3,-0.147828431373
1884,4,-0.216828431373
1884,5,-0.0818284313725
1884,6,-0.0998284313725
1884,7,-0.110828431373
1884,8,-0.0978284313725
1884,9,-0.0308284313725
1884,10,-0.0138284313725
1884,11,-0.250828431373
1884,12,-0.100828431373
1885,1,-0.192828431373
1885,2,-0.0968284313725
1885,3,-0.168828431373
1885,4,-0.157828431373
1885,5,-0.205828431373
1885,6,-0.173828431373
1885,7,0.00117156862745
1885,8,-0.195828431373
1885,9,-0.0188284313725
1885,10,0.0681715686275
1885,11,0.0531715686275
1885,12,0.161171568627
1886,1,-0.0838284313725
1886,2,-0.140828431373
1886,3,-0.0968284313725
1886,4,-0.0208284313725
1886,5,0.123171568627
1886,6,-0.0708284313725
1886,7,0.0301715686275
1886,8,-0.0238284313725
1886,9,-0.117828431373
1886,10,-0.0468284313725
1886,11,-0.106828431373
1886,12,-0.112828431373
1887,1,-0.253828431373
1887,2,-0.241828431373
1887,3,-0.147828431373
1887,4,-0.125828431373
1887,5,-0.0418284313725
1887,6,-0.0948284313725
1887,7,0.0441715686275
1887,8,-0.0538284313725
1887,9,-0.0308284313725
1887,10,-0.191828431373
1887,11,-0.0948284313725
1887,12,-0.0838284313725
1888,1,-0.288828431373
1888,2,-0.140828431373
1888,3,-0.228828431373
1888,4,0.0691715686275
1888,5,-0.0348284313725
1888,6,0.0221715686275
1888,7,0.00617156862745
1888,8,0.0311715686275
1888,9,0.0961715686275
1888,10,0.206171568627
1888,11,0.125171568627
1888,12,0.143171568627
1889,1,0.259171568627
1889,2,0.217171568627
1889,3,0.245171568627
1889,4,0.322171568627
1889,5,0.231171568627
1889,6,0.168171568627
1889,7,0.118171568627
1889,8,0.0911715686275
1889,9,-0.0678284313725
1889,10,0.0151715686275
1889,11,-0.0858284313725
1889,12,0.139171568627
1890,1,-0.00882843137255
1890,2,-0.0448284313725
1890,3,-0.143828431373
1890,4,-0.00582843137255
1890,5,-0.105828431373
1890,6,-0.0638284313725
1890,7,-0.0968284313725
1890,8,-0.104828431373
1890,9,-0.163828431373
1890,10,-0.191828431373
1890,11,-0.247828431373
1890,12,-0.0878284313725
1891,1,-0.192828431373
1891,2,-0.150828431373
1891,3,-0.0548284313725
1891,4,-0.0458284313725
1891,5,0.112171568627
1891,6,0.0191715686275
1891,7,-0.0148284313725
1891,8,-0.00582843137255
1891,9,0.112171568627
1891,10,-0.0118284313725
1891,11,-0.226828431373
1891,12,0.190171568627
1892,1,-0.0848284313725
1892,2,0.193171568627
1892,3,-0.146828431373
1892,4,-0.168828431373
1892,5,-0.0868284313725
1892,6,-0.151828431373
1892,7,-0.217828431373
1892,8,-0.132828431373
1892,9,-0.0118284313725
1892,10,-0.125828431373
1892,11,-0.311828431373
1892,12,-0.477828431373
1893,1,-0.644828431373
1893,2,-0.408828431373
1893,3,-0.0588284313725
1893,4,-0.249828431373
1893,5,-0.243828431373
1893,6,-0.147828431373
1893,7,0.0351715686275
1893,8,0.0241715686275
1893,9,-0.124828431373
1893,10,0.0411715686275
1893,11,-0.102828431373
1893,12,-0.0268284313725
1894,1,-0.138828431373
1894,2,-0.0638284313725
1894,3,-0.0628284313725
1894,4,-0.0668284313725
1894,5,-0.107828431373
1894,6,-0.177828431373
1894,7,-0.000828431372549
1894,8,-0.0268284313725
1894,9,-0.142828431373
1894,10,-0.126828431373
1894,11,-0.105828431373
1894,12,-0.0928284313725
1895,1,-0.179828431373
1895,2,-0.363828431373
1895,3,-0.207828431373
1895,4,-0.0888284313725
1895,5,-0.100828431373
1895,6,-0.0178284313725
1895,7,-0.0358284313725
1895,8,0.0511715686275
1895,9,0.0301715686275
1895,10,-0.0268284313725
1895,11,0.0171715686275
1895,12,-0.00182843137255
1896,1,0.100171568627
1896,2,0.0891715686275
1896,3,-0.0658284313725
1896,4,-0.0278284313725
1896,5,0.113171568627
1896,6,0.196171568627
1896,7,0.204171568627
1896,8,0.250171568627
1896,9,0.204171568627
1896,10,0.186171568627
1896,11,0.0311715686275
1896,12,0.284171568627
1897,1,0.114171568627
1897,2,0.188171568627
1897,3,0.0401715686275
1897,4,0.241171568627
1897,5,0.280171568627
1897,6,0.152171568627
1897,7,0.152171568627
1897,8,0.160171568627
1897,9,0.176171568627
1897,10,0.0551715686275
1897,11,-0.140828431373
1897,12,-0.165828431373
1898,1,0.228171568627
1898,2,-0.0628284313725
1898,3,-0.434828431373
1898,4,-0.257828431373
1898,5,-0.157828431373
1898,6,-0.00482843137255
1898,7,-0.0668284313725
1898,8,0.00817156862745
1898,9,-0.0208284313725
1898,10,-0.244828431373
1898,11,-0.133828431373
1898,12,-0.0428284313725
1899,1,0.100171568627
1899,2,-0.179828431373
1899,3,-0.229828431373
1899,4,-0.0348284313725
1899,5,0.00217156862745
1899,6,-0.0738284313725
1899,7,0.0381715686275
1899,8,0.168171568627
1899,9,0.178171568627
1899,10,0.126171568627
1899,11,0.339171568627
1899,12,-0.129828431373
1900,1,0.0681715686275
1900,2,0.152171568627
1900,3,0.0321715686275
1900,4,0.0601715686275
1900,5,0.0441715686275
1900,6,0.139171568627
1900,7,0.124171568627
1900,8,0.132171568627
1900,9,0.0891715686275
1900,10,0.254171568627
1900,11,0.0571715686275
1900,12,0.234171568627
1901,1,0.138171568627
1901,2,0.0441715686275
1901,3,0.0721715686275
1901,4,0.123171568627
1901,5,0.119171568627
1901,6,0.158171568627
1901,7,0.125171568627
1901,8,0.119171568627
1901,9,-0.0328284313725
1901,10,0.0151715686275
1901,11,-0.126828431373
1901,12,-0.122828431373
1902,1,0.0771715686275
1902,2,0.0481715686275
1902,3,-0.0748284313725
1902,4,-0.137828431373
1902,5,-0.0858284313725
1902,6,-0.127828431373
1902,7,-0.0778284313725
1902,8,-0.0548284313725
1902,9,-0.0488284313725
1902,10,-0.167828431373
1902,11,-0.216828431373
1902,12,-0.206828431373
1903,1,0.0501715686275
1903,2,0.113171568627
1903,3,-0.0408284313725
1903,4,-0.157828431373
1903,5,-0.149828431373
1903,6,-0.231828431373
1903,7,-0.180828431373
1903,8,-0.274828431373
1903,9,-0.210828431373
1903,10,-0.339828431373
1903,11,-0.312828431373
1903,12,-0.281828431373
1904,1,-0.319828431373
1904,2,-0.275828431373
1904,3,-0.340828431373
1904,4,-0.239828431373
1904,5,-0.215828431373
1904,6,-0.204828431373
1904,7,-0.208828431373
1904,8,-0.159828431373
1904,9,-0.163828431373
1904,10,-0.161828431373
1904,11,-0.0668284313725
1904,12,-0.0948284313725
1905,1,-0.145828431373
1905,2,-0.385828431373
1905,3,-0.148828431373
1905,4,-0.237828431373
1905,5,-0.0298284313725
1905,6,-0.00682843137255
1905,7,0.0161715686275
1905,8,0.0111715686275
1905,9,-0.00182843137255
1905,10,-0.0488284313725
1905,11,0.0931715686275
1905,12,0.119171568627
1906,1,0.244171568627
1906,2,0.0821715686275
1906,3,0.0271715686275
1906,4,0.202171568627
1906,5,-0.0198284313725
1906,6,0.0191715686275
1906,7,-0.00682843137255
1906,8,-0.00582843137255
1906,9,-0.0708284313725
1906,10,-0.0378284313725
1906,11,-0.113828431373
1906,12,0.0341715686275
1907,1,-0.118828431373
1907,2,-0.195828431373
1907,3,-0.0198284313725
1907,4,-0.190828431373
1907,5,-0.242828431373
1907,6,-0.210828431373
1907,7,-0.0908284313725
1907,8,-0.142828431373
1907,9,-0.0918284313725
1907,10,-0.0438284313725
1907,11,-0.265828431373
1907,12,-0.216828431373
1908,1,-0.0948284313725
1908,2,-0.0978284313725
1908,3,-0.314828431373
1908,4,-0.231828431373
1908,5,-0.157828431373
1908,6,-0.160828431373
1908,7,-0.157828431373
1908,8,-0.218828431373
1908,9,-0.143828431373
1908,10,-0.265828431373
1908,11,-0.283828431373
1908,12,-0.253828431373
1909,1,-0.260828431373
1909,2,-0.219828431373
1909,3,-0.370828431373
1909,4,-0.288828431373
1909,5,-0.270828431373
1909,6,-0.199828431373
1909,7,-0.263828431373
1909,8,-0.00382843137255
1909,9,-0.0858284313725
1909,10,-0.163828431373
1909,11,-0.110828431373
1909,12,-0.274828431373
1910,1,-0.0368284313725
1910,2,-0.198828431373
1910,3,-0.169828431373
1910,4,-0.135828431373
1910,5,-0.155828431373
1910,6,-0.169828431373
1910,7,-0.152828431373
1910,8,-0.123828431373
1910,9,-0.124828431373
1910,10,-0.164828431373
1910,11,-0.337828431373
1910,12,-0.351828431373
1911,1,-0.235828431373
1911,2,-0.443828431373
1911,3,-0.379828431373
1911,4,-0.400828431373
1911,5,-0.285828431373
1911,6,-0.254828431373
1911,7,-0.201828431373
1911,8,-0.185828431373
1911,9,-0.195828431373
1911,10,-0.149828431373
1911,11,-0.0588284313725
1911,12,0.0221715686275
1912,1,-0.0468284313725
1912,2,0.0221715686275
1912,3,-0.0668284313725
1912,4,-0.0238284313725
1912,5,-0.0608284313725
1912,6,0.000171568627451
1912,7,-0.141828431373
1912,8,-0.246828431373
1912,9,-0.243828431373
1912,10,-0.324828431373
1912,11,-0.201828431373
1912,12,-0.167828431373
1913,1,-0.139828431373
1913,2,-0.190828431373
1913,3,-0.222828431373
1913,4,-0.117828431373
1913,5,-0.195828431373
1913,6,-0.192828431373
1913,7,-0.121828431373
1913,8,-0.0788284313725
1913,9,-0.110828431373
1913,10,-0.112828431373
1913,11,0.0471715686275
1913,12,0.0801715686275
1914,1,0.232171568627
1914,2,0.0981715686275
1914,3,-0.0148284313725
1914,4,-0.0728284313725
1914,5,0.0341715686275
1914,6,0.0281715686275
1914,7,-0.0208284313725
1914,8,0.0981715686275
1914,9,0.0531715686275
1914,10,0.163171568627
1914,11,0.136171568627
1914,12,0.0681715686275
1915,1,0.198171568627
1915,2,0.260171568627
1915,3,0.121171568627
1915,4,0.265171568627
1915,5,0.106171568627
1915,6,0.0921715686275
1915,7,0.202171568627
1915,8,0.244171568627
1915,9,0.180171568627
1915,10,0.0561715686275
1915,11,0.180171568627
1915,12,0.0661715686275
1916,1,0.0811715686275
1916,2,0.138171568627
1916,3,-0.0868284313725
1916,4,-0.0218284313725
1916,5,-0.0408284313725
1916,6,-0.161828431373
1916,7,-0.0668284313725
1916,8,-0.0298284313725
1916,9,-0.0218284313725
1916,10,-0.0838284313725
1916,11,-0.255828431373
1916,12,-0.305828431373
1917,1,-0.365828431373
1917,2,-0.441828431373
1917,3,-0.514828431373
1917,4,-0.160828431373
1917,5,-0.339828431373
1917,6,-0.0328284313725
1917,7,0.195171568627
1917,8,0.0981715686275
1917,9,0.191171568627
1917,10,-0.0708284313725
1917,11,-0.0748284313725
1917,12,-0.307828431373
1918,1,-0.186828431373
1918,2,-0.197828431373
1918,3,-0.125828431373
1918,4,-0.173828431373
1918,5,-0.112828431373
1918,6,-0.0178284313725
1918,7,-0.0238284313725
1918,8,-0.0448284313725
1918,9,0.0751715686275
1918,10,0.219171568627
1918,11,0.276171568627
1918,12,0.0911715686275
1919,1,0.219171568627
1919,2,0.234171568627
1919,3,0.0111715686275
1919,4,0.238171568627
1919,5,0.0511715686275
1919,6,0.0641715686275
1919,7,-0.0488284313725
1919,8,-0.0138284313725
1919,9,0.0841715686275
1919,10,0.0111715686275
1919,11,-0.220828431373
1919,12,-0.142828431373
1920,1,0.0781715686275
1920,2,-0.104828431373
1920,3,0.203171568627
1920,4,0.0581715686275
1920,5,0.125171568627
1920,6,0.103171568627
1920,7,0.0271715686275
1920,8,0.0871715686275
1920,9,0.184171568627
1920,10,0.0891715686275
1920,11,0.0321715686275
1920,12,-0.0268284313725
1921,1,0.178171568627
1921,2,0.134171568627
1921,3,0.0651715686275
1921,4,0.0911715686275
1921,5,0.112171568627
1921,6,0.194171568627
1921,7,0.174171568627
1921,8,0.0341715686275
1921,9,0.151171568627
1921,10,0.174171568627
1921,11,0.0141715686275
1921,12,0.168171568627
1922,1,-0.0818284313725
1922,2,0.0381715686275
1922,3,0.0461715686275
1922,4,0.0801715686275
1922,5,-0.0628284313725
1922,6,-0.00982843137255
1922,7,0.0881715686275
1922,8,-0.0328284313725
1922,9,0.0341715686275
1922,10,-0.00982843137255
1922,11,0.0271715686275
1922,12,0.0131715686275
1923,1,0.0861715686275
1923,2,-0.0948284313725
1923,3,-0.0908284313725
1923,4,-0.0418284313725
1923,5,-0.00382843137255
1923,6,0.0721715686275
1923,7,-0.0368284313725
1923,8,-0.0638284313725
1923,9,-0.00782843137255
1923,10,0.0471715686275
1923,11,0.296171568627
1923,12,0.308171568627
1924,1,0.00117156862745
1924,2,0.114171568627
1924,3,0.0451715686275
1924,4,0.0331715686275
1924,5,0.0741715686275
1924,6,0.0981715686275
1924,7,0.0511715686275
1924,8,0.0371715686275
1924,9,0.0341715686275
1924,10,0.00417156862745
1924,11,-0.0448284313725
1924,12,-0.209828431373
1925,1,-0.0848284313725
1925,2,0.0121715686275
1925,3,0.0921715686275
1925,4,0.0391715686275
1925,5,0.0571715686275
1925,6,0.0571715686275
1925,7,0.0961715686275
1925,8,0.186171568627
1925,9,0.126171568627
1925,10,0.00917156862745
1925,11,0.260171568627
1925,12,0.320171568627
1926,1,0.403171568627
1926,2,0.272171568627
1926,3,0.291171568627
1926,4,0.141171568627
1926,5,0.100171568627
1926,6,0.226171568627
1926,7,0.0791715686275
1926,8,0.229171568627
1926,9,0.212171568627
1926,10,0.230171568627
1926,11,0.205171568627
1926,12,0.0821715686275
1927,1,0.0601715686275
1927,2,0.170171568627
1927,3,-0.00982843137255
1927,4,0.0581715686275
1927,5,0.0581715686275
1927,6,0.0781715686275
1927,7,0.170171568627
1927,8,0.172171568627
1927,9,0.182171568627
1927,10,0.274171568627
1927,11,0.141171568627
1927,12,-0.110828431373
1928,1,0.264171568627
1928,2,0.176171568627
1928,3,-0.0238284313725
1928,4,0.0611715686275
1928,5,0.0321715686275
1928,6,-0.0278284313725
1928,7,0.150171568627
1928,8,0.140171568627
1928,9,0.0941715686275
1928,10,0.149171568627
1928,11,0.163171568627
1928,12,0.0781715686275
1929,1,-0.165828431373
1929,2,-0.347828431373
1929,3,-0.0938284313725
1929,4,-0.0728284313725
1929,5,-0.0728284313725
1929,6,-0.0338284313725
1929,7,-0.0458284313725
1929,8,0.126171568627
1929,9,0.0501715686275
1929,10,0.137171568627
1929,11,0.243171568627
1929,12,-0.155828431373
1930,1,-0.0118284313725
1930,2,0.0261715686275
1930,3,0.161171568627
1930,4,0.125171568627
1930,5,0.117171568627
1930,6,0.152171568627
1930,7,0.194171568627
1930,8,0.259171568627
1930,9,0.238171568627
1930,10,0.225171568627
1930,11,0.395171568627
1930,12,0.245171568627
1931,1,0.313171568627
1931,2,0.167171568627
1931,3,0.195171568627
1931,4,0.136171568627
1931,5,0.153171568627
1931,6,0.280171568627
1931,7,0.321171568627
1931,8,0.266171568627
1931,9,0.267171568627
1931,10,0.274171568627
1931,11,0.167171568627
1931,12,0.214171568627
1932,1,0.476171568627
1932,2,0.122171568627
1932,3,0.0741715686275
1932,4,0.251171568627
1932,5,0.146171568627
1932,6,0.122171568627
1932,7,0.185171568627
1932,8,0.116171568627
1932,9,0.275171568627
1932,10,0.143171568627
1932,11,0.0871715686275
1932,12,0.122171568627
1933,1,0.0301715686275
1933,2,-0.00182843137255
1933,3,-0.0258284313725
1933,4,0.0981715686275
1933,5,0.102171568627
1933,6,0.0541715686275
1933,7,0.129171568627
1933,8,0.138171568627
1933,9,0.0801715686275
1933,10,0.119171568627
1933,11,0.00817156862745
1933,12,-0.210828431373
1934,1,0.0981715686275
1934,2,0.151171568627
1934,3,-0.0738284313725
1934,4,0.0681715686275
1934,5,0.235171568627
1934,6,0.273171568627
1934,7,0.249171568627
1934,8,0.255171568627
1934,9,0.217171568627
1934,10,0.229171568627
1934,11,0.339171568627
1934,12,0.181171568627
1935,1,0.0891715686275
1935,2,0.418171568627
1935,3,0.0891715686275
1935,4,0.0501715686275
1935,5,0.0731715686275
1935,6,0.129171568627
1935,7,0.173171568627
1935,8,0.162171568627
1935,9,0.175171568627
1935,10,0.240171568627
1935,11,0.0211715686275
1935,12,0.0551715686275
1936,1,0.0161715686275
1936,2,-0.0418284313725
1936,3,0.0191715686275
1936,4,0.113171568627
1936,5,0.165171568627
1936,6,0.152171568627
1936,7,0.294171568627
1936,8,0.272171568627
1936,9,0.210171568627
1936,10,0.314171568627
1936,11,0.249171568627
1936,12,0.306171568627
1937,1,0.187171568627
1937,2,0.351171568627
1937,3,0.0441715686275
1937,4,0.189171568627
1937,5,0.237171568627
1937,6,0.305171568627
1937,7,0.364171568627
1937,8,0.398171568627
1937,9,0.427171568627
1937,10,0.437171568627
1937,11,0.321171568627
1937,12,0.217171568627
1938,1,0.334171568627
1938,2,0.337171568627
1938,3,0.379171568627
1938,4,0.398171568627
1938,5,0.226171568627
1938,6,0.254171568627
1938,7,0.268171568627
1938,8,0.326171568627
1938,9,0.372171568627
1938,10,0.461171568627
1938,11,0.334171568627
1938,12,0.0251715686275
1939,1,0.244171568627
1939,2,0.272171568627
1939,3,0.0581715686275
1939,4,0.221171568627
1939,5,0.287171568627
1939,6,0.378171568627
1939,7,0.365171568627
1939,8,0.353171568627
1939,9,0.240171568627
1939,10,0.0421715686275
1939,11,0.193171568627
1939,12,0.538171568627
1940,1,0.133171568627
1940,2,0.275171568627
1940,3,0.200171568627
1940,4,0.371171568627
1940,5,0.336171568627
1940,6,0.347171568627
1940,7,0.456171568627
1940,8,0.362171568627
1940,9,0.438171568627
1940,10,0.324171568627
1940,11,0.252171568627
1940,12,0.476171568627
1941,1,0.221171568627
1941,2,0.296171568627
1941,3,0.175171568627
1941,4,0.333171568627
1941,5,0.292171568627
1941,6,0.435171568627
1941,7,0.429171568627
1941,8,0.331171568627
1941,9,0.186171568627
1941,10,0.535171568627
1941,11,0.368171568627
1941,12,0.407171568627
1942,1,0.525171568627
1942,2,0.235171568627
1942,3,0.227171568627
1942,4,0.251171568627
1942,5,0.302171568627
1942,6,0.349171568627
1942,7,0.237171568627
1942,8,0.248171568627
1942,9,0.319171568627
1942,10,0.237171568627
1942,11,0.244171568627
1942,12,0.325171568627
1943,1,0.111171568627
1943,2,0.383171568627
1943,3,0.115171568627
1943,4,0.320171568627
1943,5,0.297171568627
1943,6,0.218171568627
1943,7,0.308171568627
1943,8,0.305171568627
1943,9,0.299171568627
1943,10,0.553171568627
1943,11,0.340171568627
1943,12,0.509171568627
1944,1,0.602171568627
1944,2,0.452171568627
1944,3,0.455171568627
1944,4,0.368171568627
1944,5,0.376171568627
1944,6,0.464171568627
1944,7,0.532171568627
1944,8,0.548171568627
1944,9,0.612171568627
1944,10,0.527171568627
1944,11,0.325171568627
1944,12,0.296171568627
1945,1,0.314171568627
1945,2,0.223171568627
1945,3,0.271171568627
1945,4,0.482171568627
1945,5,0.206171568627
1945,6,0.312171568627
1945,7,0.227171568627
1945,8,0.674171568627
1945,9,0.475171568627
1945,10,0.497171568627
1945,11,0.305171568627
1945,12,0.108171568627
1946,1,0.409171568627
1946,2,0.354171568627
1946,3,0.254171568627
1946,4,0.449171568627
1946,5,0.197171568627
1946,6,0.0511715686275
1946,7,0.264171568627
1946,8,0.162171568627
1946,9,0.303171568627
1946,10,0.261171568627
1946,11,0.222171568627
1946,12,-0.0418284313725
1947,1,0.203171568627
1947,2,0.136171568627
1947,3,0.248171568627
1947,4,0.407171568627
1947,5,0.254171568627
1947,6,0.318171568627
1947,7,0.307171568627
1947,8,0.273171568627
1947,9,0.242171568627
1947,10,0.394171568627
1947,11,0.357171568627
1947,12,0.142171568627
1948,1,0.401171568627
1948,2,0.191171568627
1948,3,0.136171568627
1948,4,0.273171568627
1948,5,0.424171568627
1948,6,0.383171568627
1948,7,0.204171568627
1948,8,0.312171568627
1948,9,0.260171568627
1948,10,0.341171568627
1948,11,0.265171568627
1948,12,0.114171568627
1949,1,0.465171568627
1949,2,0.165171568627
1949,3,0.139171568627
1949,4,0.321171568627
1949,5,0.269171568627
1949,6,0.127171568627
1949,7,0.222171568627
1949,8,0.277171568627
1949,9,0.243171568627
1949,10,0.283171568627
1949,11,0.237171568627
1949,12,0.129171568627
1950,1,-0.0118284313725
1950,2,0.0701715686275
1950,3,0.136171568627
1950,4,0.146171568627
1950,5,0.225171568627
1950,6,0.240171568627
1950,7,0.270171568627
1950,8,0.201171568627
1950,9,0.209171568627
1950,10,0.186171568627
1950,11,-0.0748284313725
1950,12,0.0651715686275
1951,1,-0.0388284313725
1951,2,-0.146828431373
1951,3,0.0221715686275
1951,4,0.210171568627
1951,5,0.299171568627
1951,6,0.348171568627
1951,7,0.359171568627
1951,8,0.451171568627
1951,9,0.406171568627
1951,10,0.447171568627
1951,11,0.277171568627
1951,12,0.492171568627
1952,1,0.499171568627
1952,2,0.447171568627
1952,3,0.185171568627
1952,4,0.370171568627
1952,5,0.356171568627
1952,6,0.354171568627
1952,7,0.413171568627
1952,8,0.408171568627
1952,9,0.413171568627
1952,10,0.308171568627
1952,11,0.128171568627
1952,12,0.255171568627
1953,1,0.379171568627
1953,2,0.457171568627
1953,3,0.441171568627
1953,4,0.510171568627
1953,5,0.454171568627
1953,6,0.480171568627
1953,7,0.365171568627
1953,8,0.411171568627
1953,9,0.391171568627
1953,10,0.389171568627
1953,11,0.244171568627
1953,12,0.405171568627
1954,1,0.0791715686275
1954,2,0.230171568627
1954,3,0.162171568627
1954,4,0.168171568627
1954,5,0.108171568627
1954,6,0.185171568627
1954,7,0.116171568627
1954,8,0.222171568627
1954,9,0.228171568627
1954,10,0.281171568627
1954,11,0.337171568627
1954,12,0.0821715686275
1955,1,0.441171568627
1955,2,0.148171568627
1955,3,-0.0898284313725
1955,4,0.0691715686275
1955,5,0.0781715686275
1955,6,0.147171568627
1955,7,0.116171568627
1955,8,0.252171568627
1955,9,0.198171568627
1955,10,0.149171568627
1955,11,-0.000828431372549
1955,12,-0.0228284313725
1956,1,0.0691715686275
1956,2,-0.0348284313725
1956,3,0.00117156862745
1956,4,-0.0198284313725
1956,5,0.0331715686275
1956,6,0.0881715686275
1956,7,0.104171568627
1956,8,0.0681715686275
1956,9,0.0311715686275
1956,10,0.0811715686275
1956,11,0.0531715686275
1956,12,0.109171568627
1957,1,0.151171568627
1957,2,0.186171568627
1957,3,0.128171568627
1957,4,0.253171568627
1957,5,0.364171568627
1957,6,0.400171568627
1957,7,0.318171568627
1957,8,0.410171568627
1957,9,0.353171568627
1957,10,0.302171568627
1957,11,0.369171568627
1957,12,0.466171568627
1958,1,0.583171568627
1958,2,0.497171568627
1958,3,0.312171568627
1958,4,0.352171568627
1958,5,0.348171568627
1958,6,0.299171568627
1958,7,0.355171568627
1958,8,0.321171568627
1958,9,0.261171568627
1958,10,0.329171568627
1958,11,0.322171568627
1958,12,0.344171568627
1959,1,0.403171568627
1959,2,0.345171568627
1959,3,0.394171568627
1959,4,0.362171568627
1959,5,0.301171568627
1959,6,0.379171568627
1959,7,0.344171568627
1959,8,0.361171568627
1959,9,0.354171568627
1959,10,0.281171568627
1959,11,0.205171568627
1959,12,0.243171568627
1960,1,0.283171568627
1960,2,0.416171568627
1960,3,-0.00182843137255
1960,4,0.136171568627
1960,5,0.158171568627
1960,6,0.285171568627
1960,7,0.286171568627
1960,8,0.323171568627
1960,9,0.377171568627
1960,10,0.289171568627
1960,11,0.165171568627
1960,12,0.460171568627
1961,1,0.364171568627
1961,2,0.496171568627
1961,3,0.410171568627
1961,4,0.412171568627
1961,5,0.401171568627
1961,6,0.424171568627
1961,7,0.333171568627
1961,8,0.348171568627
1961,9,0.287171568627
1961,10,0.283171568627
1961,11,0.296171568627
1961,12,0.200171568627
1962,1,0.369171568627
1962,2,0.451171568627
1962,3,0.343171568627
1962,4,0.340171568627
1962,5,0.269171568627
1962,6,0.261171568627
1962,7,0.331171568627
1962,8,0.311171568627
1962,9,0.300171568627
1962,10,0.359171568627
1962,11,0.327171568627
1962,12,0.303171568627
1963,1,0.269171568627
1963,2,0.464171568627
1963,3,0.168171568627
1963,4,0.247171568627
1963,5,0.293171568627
1963,6,0.280171568627
1963,7,0.424171568627
1963,8,0.442171568627
1963,9,0.443171568627
1963,10,0.539171568627
1963,11,0.475171568627
1963,12,0.307171568627
1964,1,0.261171568627
1964,2,0.187171568627
1964,3,0.0351715686275
1964,4,0.0671715686275
1964,5,0.138171568627
1964,6,0.155171568627
1964,7,0.142171568627
1964,8,0.0581715686275
1964,9,0.0311715686275
1964,10,0.0471715686275
1964,11,0.0171715686275
1964,12,-0.0388284313725
1965,1,0.209171568627
1965,2,0.0671715686275
1965,3,0.0961715686275
1965,4,0.0591715686275
1965,5,0.152171568627
1965,6,0.204171568627
1965,7,0.135171568627
1965,8,0.207171568627
1965,9,0.224171568627
1965,10,0.289171568627
1965,11,0.179171568627
1965,12,0.249171568627
1966,1,0.219171568627
1966,2,0.220171568627
1966,3,0.248171568627
1966,4,0.207171568627
1966,5,0.174171568627
1966,6,0.350171568627
1966,7,0.345171568627
1966,8,0.295171568627
1966,9,0.275171568627
1966,10,0.208171568627
1966,11,0.219171568627
1966,12,0.177171568627
1967,1,0.147171568627
1967,2,0.0791715686275
1967,3,0.266171568627
1967,4,0.251171568627
1967,5,0.391171568627
1967,6,0.231171568627
1967,7,0.250171568627
1967,8,0.251171568627
1967,9,0.218171568627
1967,10,0.374171568627
1967,11,0.253171568627
1967,12,0.166171568627
1968,1,0.0741715686275
1968,2,0.101171568627
1968,3,0.353171568627
1968,4,0.145171568627
1968,5,0.0931715686275
1968,6,0.207171568627
1968,7,0.212171568627
1968,8,0.257171568627
1968,9,0.228171568627
1968,10,0.294171568627
1968,11,0.243171568627
1968,12,0.205171568627
1969,1,0.146171568627
1969,2,0.147171568627
1969,3,0.309171568627
1969,4,0.419171568627
1969,5,0.446171568627
1969,6,0.338171568627
1969,7,0.352171568627
1969,8,0.367171568627
1969,9,0.331171568627
1969,10,0.341171568627
1969,11,0.446171568627
1969,12,0.510171568627
1970,1,0.387171568627
1970,2,0.459171568627
1970,3,0.246171568627
1970,4,0.370171568627
1970,5,0.279171568627
1970,6,0.300171568627
1970,7,0.265171568627
1970,8,0.222171568627
1970,9,0.274171568627
1970,10,0.239171568627
1970,11,0.265171568627
1970,12,0.150171568627
1971,1,0.216171568627
1971,2,0.0231715686275
1971,3,0.0311715686275
1971,4,0.0761715686275
1971,5,0.100171568627
1971,6,0.0801715686275
1971,7,0.183171568627
1971,8,0.145171568627
1971,9,0.190171568627
1971,10,0.149171568627
1971,11,0.230171568627
1971,12,0.114171568627
1972,1,-0.0628284313725
1972,2,0.0241715686275
1972,3,0.181171568627
1972,4,0.235171568627
1972,5,0.249171568627
1972,6,0.320171568627
1972,7,0.293171568627
1972,8,0.329171568627
1972,9,0.259171568627
1972,10,0.319171568627
1972,11,0.313171568627
1972,12,0.499171568627
1973,1,0.461171568627
1973,2,0.592171568627
1973,3,0.539171568627
1973,4,0.474171568627
1973,5,0.400171568627
1973,6,0.423171568627
1973,7,0.340171568627
1973,8,0.330171568627
1973,9,0.271171568627
1973,10,0.268171568627
1973,11,0.216171568627
1973,12,0.201171568627
1974,1,-0.0588284313725
1974,2,-0.0928284313725
1974,3,0.0831715686275
1974,4,0.134171568627
1974,5,0.118171568627
1974,6,0.161171568627
1974,7,0.187171568627
1974,8,0.232171568627
1974,9,0.184171568627
1974,10,0.0951715686275
1974,11,0.102171568627
1974,12,0.0771715686275
1975,1,0.241171568627
1975,2,0.222171568627
1975,3,0.238171568627
1975,4,0.223171568627
1975,5,0.229171568627
1975,6,0.229171568627
1975,7,0.204171568627
1975,8,0.135171568627
1975,9,0.188171568627
1975,10,0.0801715686275
1975,11,-0.000828431372549
1975,12,0.00817156862745
1976,1,0.0821715686275
1976,2,-0.0138284313725
1976,3,-0.126828431373
1976,4,0.122171568627
1976,5,-0.00182843137255
1976,6,0.0651715686275
1976,7,0.129171568627
1976,8,0.111171568627
1976,9,0.151171568627
1976,10,-0.00182843137255
1976,11,0.137171568627
1976,12,0.228171568627
1977,1,0.238171568627
1977,2,0.390171568627
1977,3,0.415171568627
1977,4,0.409171568627
1977,5,0.385171568627
1977,6,0.424171568627
1977,7,0.376171568627
1977,8,0.311171568627
1977,9,0.347171568627
1977,10,0.308171568627
1977,11,0.454171568627
1977,12,0.260171568627
1978,1,0.328171568627
1978,2,0.276171568627
1978,3,0.341171568627
1978,4,0.251171568627
1978,5,0.228171568627
1978,6,0.178171568627
1978,7,0.248171568627
1978,8,0.129171568627
1978,9,0.261171568627
1978,10,0.202171568627
1978,11,0.361171568627
1978,12,0.213171568627
1979,1,0.279171568627
1979,2,0.174171568627
1979,3,0.329171568627
1979,4,0.267171568627
1979,5,0.285171568627
1979,6,0.373171568627
1979,7,0.368171568627
1979,8,0.395171568627
1979,9,0.408171568627
1979,10,0.447171568627
1979,11,0.463171568627
1979,12,0.670171568627
1980,1,0.448171568627
1980,2,0.534171568627
1980,3,0.386171568627
1980,4,0.458171568627
1980,5,0.456171568627
1980,6,0.386171568627
1980,7,0.373171568627
1980,8,0.352171568627
1980,9,0.352171568627
1980,10,0.325171568627
1980,11,0.444171568627
1980,12,0.371171568627
1981,1,0.648171568627
1981,2,0.512171568627
1981,3,0.521171568627
1981,4,0.443171568627
1981,5,0.381171568627
1981,6,0.439171568627
1981,7,0.405171568627
1981,8,0.436171568627
1981,9,0.387171568627
1981,10,0.318171568627
1981,11,0.388171568627
1981,12,0.580171568627
1982,1,0.268171568627
1982,2,0.320171568627
1982,3,0.187171568627
1982,4,0.341171568627
1982,5,0.354171568627
1982,6,0.258171568627
1982,7,0.296171568627
1982,8,0.305171568627
1982,9,0.388171568627
1982,10,0.318171568627
1982,11,0.304171568627
1982,12,0.566171568627
1983,1,0.743171568627
1983,2,0.624171568627
1983,3,0.527171568627
1983,4,0.430171568627
1983,5,0.450171568627
1983,6,0.450171568627
1983,7,0.465171568627
1983,8,0.514171568627
1983,9,0.503171568627
1983,10,0.412171568627
1983,11,0.568171568627
1983,12,0.400171568627
1984,1,0.435171568627
1984,2,0.332171568627
1984,3,0.362171568627
1984,4,0.268171568627
1984,5,0.405171568627
1984,6,0.300171568627
1984,7,0.279171568627
1984,8,0.354171568627
1984,9,0.347171568627
1984,10,0.293171568627
1984,11,0.192171568627
1984,12,0.0391715686275
1985,1,0.324171568627
1985,2,0.179171568627
1985,3,0.289171568627
1985,4,0.275171568627
1985,5,0.311171568627
1985,6,0.254171568627
1985,7,0.254171568627
1985,8,0.341171568627
1985,9,0.283171568627
1985,10,0.334171568627
1985,11,0.240171568627
1985,12,0.328171568627
1986,1,0.438171568627
1986,2,0.404171568627
1986,3,0.390171568627
1986,4,0.394171568627
1986,5,0.359171568627
1986,6,0.364171568627
1986,7,0.311171568627
1986,8,0.316171568627
1986,9,0.325171568627
1986,10,0.379171568627
1986,11,0.308171568627
1986,12,0.324171568627
1987,1,0.425171568627
1987,2,0.613171568627
1987,3,0.335171568627
1987,4,0.408171568627
1987,5,0.461171568627
1987,6,0.441171568627
1987,7,0.583171568627
1987,8,0.550171568627
1987,9,0.585171568627
1987,10,0.516171568627
1987,11,0.510171568627
1987,12,0.634171568627
1988,1,0.702171568627
1988,2,0.546171568627
1988,3,0.579171568627
1988,4,0.540171568627
1988,5,0.525171568627
1988,6,0.535171568627
1988,7,0.489171568627
1988,8,0.492171568627
1988,9,0.500171568627
1988,10,0.454171568627
1988,11,0.341171568627
1988,12,0.463171568627
1989,1,0.327171568627
1989,2,0.463171568627
1989,3,0.451171568627
1989,4,0.395171568627
1989,5,0.392171568627
1989,6,0.391171568627
1989,7,0.471171568627
1989,8,0.492171568627
1989,9,0.456171568627
1989,10,0.464171568627
1989,11,0.373171568627
1989,12,0.517171568627
1990,1,0.531171568627
1990,2,0.621171568627
1990,3,0.874171568627
1990,4,0.682171568627
1990,5,0.591171568627
1990,6,0.591171568627
1990,7,0.544171568627
1990,8,0.564171568627
1990,9,0.490171568627
1990,10,0.646171568627
1990,11,0.631171568627
1990,12,0.561171568627
1991,1,0.603171568627
1991,2,0.608171568627
1991,3,0.507171568627
1991,4,0.700171568627
1991,5,0.616171568627
1991,6,0.619171568627
1991,7,0.622171568627
1991,8,0.573171568627
1991,9,0.557171568627
1991,10,0.499171568627
1991,11,0.472171568627
1991,12,0.442171568627
1992,1,0.684171568627
1992,2,0.630171568627
1992,3,0.572171568627
1992,4,0.454171568627
1992,5,0.492171568627
1992,6,0.439171568627
1992,7,0.296171568627
1992,8,0.318171568627
1992,9,0.252171568627
1992,10,0.261171568627
1992,11,0.224171568627
1992,12,0.393171568627
1993,1,0.621171568627
1993,2,0.567171568627
1993,3,0.554171568627
1993,4,0.445171568627
1993,5,0.493171568627
1993,6,0.491171568627
1993,7,0.447171568627
1993,8,0.408171568627
1993,9,0.376171568627
1993,10,0.413171568627
1993,11,0.273171568627
1993,12,0.436171568627
1994,1,0.493171568627
1994,2,0.262171568627
1994,3,0.536171568627
1994,4,0.523171568627
1994,5,0.585171568627
1994,6,0.578171568627
1994,7,0.482171568627
1994,8,0.495171568627
1994,9,0.500171568627
1994,10,0.623171568627
1994,11,0.622171568627
1994,12,0.558171568627
1995,1,0.734171568627
1995,2,0.911171568627
1995,3,0.639171568627
1995,4,0.599171568627
1995,5,0.530171568627
1995,6,0.621171568627
1995,7,0.639171568627
1995,8,0.669171568627
1995,9,0.566171568627
1995,10,0.644171568627
1995,11,0.633171568627
1995,12,0.438171568627
1996,1,0.423171568627
1996,2,0.635171568627
1996,3,0.498171568627
1996,4,0.443171568627
1996,5,0.533171568627
1996,6,0.484171568627
1996,7,0.534171568627
1996,8,0.517171568627
1996,9,0.412171568627
1996,10,0.447171568627
1996,11,0.459171568627
1996,12,0.544171568627
1997,1,0.522171568627
1997,2,0.631171568627
1997,3,0.662171568627
1997,4,0.585171568627
1997,5,0.601171568627
1997,6,0.717171568627
1997,7,0.680171568627
1997,8,0.752171568627
1997,9,0.788171568627
1997,10,0.868171568627
1997,11,0.810171568627
1997,12,0.819171568627
1998,1,0.799171568627
1998,2,1.07517156863
1998,3,0.871171568627
1998,4,0.952171568627
1998,5,0.888171568627
1998,6,0.908171568627
1998,7,0.986171568627
1998,8,0.913171568627
1998,9,0.705171568627
1998,10,0.715171568627
1998,11,0.611171568627
1998,12,0.787171568627
1999,1,0.661171568627
1999,2,0.902171568627
1999,3,0.542171568627
1999,4,0.639171568627
1999,5,0.558171568627
1999,6,0.587171568627
1999,7,0.602171568627
1999,8,0.536171568627
1999,9,0.611171568627
1999,10,0.566171568627
1999,11,0.549171568627
1999,12,0.696171568627
2000,1,0.539171568627
2000,2,0.768171568627
2000,3,0.695171568627
2000,4,0.792171568627
2000,5,0.593171568627
2000,6,0.588171568627
2000,7,0.574171568627
2000,8,0.671171568627
2000,9,0.619171568627
2000,10,0.536171568627
2000,11,0.474171568627
2000,12,0.469171568627
2001,1,0.679171568627
2001,2,0.639171568627
2001,3,0.826171568627
2001,4,0.764171568627
2001,5,0.728171568627
2001,6,0.742171568627
2001,7,0.775171568627
2001,8,0.814171568627
2001,9,0.735171568627
2001,10,0.731171568627
2001,11,0.923171568627
2001,12,0.687171568627
2002,1,0.977171568627
2002,2,1.01917156863
2002,3,1.01417156863
2002,4,0.778171568627
2002,5,0.740171568627
2002,6,0.791171568627
2002,7,0.803171568627
2002,8,0.763171568627
2002,9,0.734171568627
2002,10,0.720171568627
2002,11,0.764171568627
2002,12,0.639171568627
2003,1,0.913171568627
2003,2,0.767171568627
2003,3,0.774171568627
2003,4,0.750171568627
2003,5,0.792171568627
2003,6,0.773171568627
2003,7,0.793171568627
2003,8,0.864171568627
2003,9,0.852171568627
2003,10,0.925171568627
2003,11,0.771171568627
2003,12,0.906171568627
2004,1,0.815171568627
2004,2,0.924171568627
2004,3,0.841171568627
2004,4,0.793171568627
2004,5,0.625171568627
2004,6,0.641171568627
2004,7,0.675171568627
2004,8,0.711171568627
2004,9,0.754171568627
2004,10,0.783171568627
2004,11,0.915171568627
2004,12,0.671171568627
2005,1,0.863171568627
2005,2,0.709171568627
2005,3,0.874171568627
2005,4,0.919171568627
2005,5,0.835171568627
2005,6,0.864171568627
2005,7,0.862171568627
2005,8,0.855171568627
2005,9,0.879171568627
2005,10,0.921171568627
2005,11,0.942171568627
2005,12,0.786171568627
2006,1,0.700171568627
2006,2,0.877171568627
2006,3,0.774171568627
2006,4,0.720171568627
2006,5,0.716171568627
2006,6,0.836171568627
2006,7,0.800171568627
2006,8,0.845171568627
2006,9,0.813171568627
2006,10,0.875171568627
2006,11,0.856171568627
2006,12,1.01217156863
2007,1,1.14817156863
2007,2,0.874171568627
2007,3,0.838171568627
2007,4,0.893171568627
2007,5,0.762171568627
2007,6,0.731171568627
2007,7,0.753171568627
2007,8,0.754171568627
2007,9,0.770171568627
2007,10,0.790171568627
2007,11,0.699171568627
2007,12,0.661171568627
2008,1,0.482171568627
2008,2,0.555171568627
2008,3,0.862171568627
2008,4,0.643171568627
2008,5,0.651171568627
2008,6,0.678171568627
2008,7,0.762171568627
2008,8,0.745171568627
2008,9,0.721171568627
2008,10,0.859171568627
2008,11,0.837171568627
2008,12,0.700171568627
2009,1,0.797171568627
2009,2,0.753171568627
2009,3,0.719171568627
2009,4,0.828171568627
2009,5,0.759171568627
2009,6,0.866171568627
2009,7,0.853171568627
2009,8,0.906171568627
2009,9,0.879171568627
2009,10,0.831171568627
2009,11,0.861171568627
2009,12,0.790171568627
2010,1,0.875171568627
2010,2,0.890171568627
2010,3,0.989171568627
2010,4,0.994171568627
2010,5,0.904171568627
2010,6,0.900171568627
2010,7,0.932171568627
2010,8,0.856171568627
2010,9,0.753171568627
2010,10,0.807171568627
2010,11,0.904171568627
2010,12,0.654171568627
2011,1,0.626171568627
2011,2,0.640171568627
2011,3,0.737171568627
2011,4,0.793171568627
2011,5,0.700171568627
2011,6,0.802171568627
2011,7,0.822171568627
2011,8,0.802171568627
2011,9,0.766171568627
2011,10,0.768171568627
2011,11,0.662171568627
2011,12,0.714171568627
2012,1,0.617171568627
2012,2,0.611171568627
2012,3,0.674171568627
2012,4,0.887171568627
2012,5,0.887171568627
2012,6,0.872171568627
2012,7,0.822171568627
2012,8,0.851171568627
2012,9,0.866171568627
2012,10,0.865171568627
2012,11,0.863171568627
2012,12,0.586171568627
2013,1,0.780171568627
2013,2,0.810171568627
2013,3,0.733171568627
2013,4,0.763171568627
2013,5,0.838171568627
2013,6,0.810171568627
2013,7,0.831171568627
2013,8,0.856171568627
2013,9,0.859171568627
2013,10,0.824171568627
2013,11,0.971171568627
2013,12,0.844171568627
2014,1,0.837171568627
2014,2,0.635171568627
2014,3,0.896171568627
2014,4,0.979171568627
2014,5,0.919171568627
2014,6,0.937171568627
2014,7,0.858171568627
2014,8,0.989171568627
2014,9,0.911171568627
2014,10,0.946171568627
2014,11,0.812171568627
2014,12,0.965171568627
2015,1,1.01917156863
2015,2,1.00217156863
2015,3,1.01717156863
2015,4,0.981171568627
2015,5,1.02117156863
2015,6,1.05417156863
2015,7,1.01017156863
2015,8,1.05217156863
2015,9,1.10617156863
2015,10,1.15117156863
2015,11,1.15017156863
2015,12,1.33817156863
2016,1,1.22017156863
2016,2,1.38217156863
2016,3,1.38317156863
2016,4,1.22917156863
2016,5,1.00217156863
2016,6,1.04517156863
2016,7,1.04217156863
2016,8,1.08217156863
2016,9,1.02817156863
